<?xml version="1.0" encoding="UTF-8" ?>
<XMLDB PATH="enrol/ltiaas/db" VERSION="20170113" COMMENT="XMLDB file for Moodle enrol/ltiaas"
    xmlns:xsi="http://www.w3.org/2001/XMLSchema-instance"
    xsi:noNamespaceSchemaLocation="../../../lib/xmldb/xmldb.xsd"
>
  <TABLES>
    <TABLE NAME="enrol_ltiaas_tools" COMMENT="List of tools provided to the remote system">
      <FIELDS>
        <FIELD NAME="id" TYPE="int" LENGTH="10" NOTNULL="true" SEQUENCE="true"/>
        <FIELD NAME="customdescription" TYPE="char" LENGTH="255" NOTNULL="false" SEQUENCE="false" COMMENT="Custom Description"/>
        <FIELD NAME="enrolid" TYPE="int" LENGTH="10" NOTNULL="true" SEQUENCE="false"/>
        <FIELD NAME="contextid" TYPE="int" LENGTH="10" NOTNULL="true" SEQUENCE="false"/>
        <FIELD NAME="lang" TYPE="char" LENGTH="30" NOTNULL="true" DEFAULT="en" SEQUENCE="false"/>
        <FIELD NAME="timezone" TYPE="char" LENGTH="100" NOTNULL="true" DEFAULT="99" SEQUENCE="false"/>
        <FIELD NAME="maxenrolled" TYPE="int" LENGTH="10" NOTNULL="true" DEFAULT="0" SEQUENCE="false"/>
        <FIELD NAME="maildisplay" TYPE="int" LENGTH="2" NOTNULL="true" DEFAULT="2" SEQUENCE="false"/>
        <FIELD NAME="city" TYPE="char" LENGTH="120" NOTNULL="true" SEQUENCE="false"/>
        <FIELD NAME="country" TYPE="char" LENGTH="2" NOTNULL="true" SEQUENCE="false"/>
        <FIELD NAME="gradesync" TYPE="int" LENGTH="1" NOTNULL="true" DEFAULT="0" SEQUENCE="false"/>
        <FIELD NAME="gradesynccompletion" TYPE="int" LENGTH="1" NOTNULL="true" DEFAULT="0" SEQUENCE="false"/>
        <FIELD NAME="roleinstructor" TYPE="int" LENGTH="10" NOTNULL="true" SEQUENCE="false"/>
        <FIELD NAME="rolelearner" TYPE="int" LENGTH="10" NOTNULL="true" SEQUENCE="false"/>
        <FIELD NAME="timecreated" TYPE="int" LENGTH="10" NOTNULL="true" SEQUENCE="false"/>
        <FIELD NAME="timemodified" TYPE="int" LENGTH="10" NOTNULL="true" SEQUENCE="false"/>
      </FIELDS>
      <KEYS>
        <KEY NAME="primary" TYPE="primary" FIELDS="id"/>
        <KEY NAME="enrolid" TYPE="foreign" FIELDS="enrolid" REFTABLE="enrol" REFFIELDS="id"/>
        <KEY NAME="contextid" TYPE="foreign" FIELDS="contextid" REFTABLE="context" REFFIELDS="id"/>
      </KEYS>
    </TABLE>
    <TABLE NAME="enrol_ltiaas_users" COMMENT="User access log and gradeback data">
      <FIELDS>
        <FIELD NAME="id" TYPE="int" LENGTH="10" NOTNULL="true" SEQUENCE="true"/>
        <FIELD NAME="userid" TYPE="int" LENGTH="10" NOTNULL="true" SEQUENCE="false"/>
        <FIELD NAME="toolid" TYPE="int" LENGTH="10" NOTNULL="true" SEQUENCE="false"/>
        <FIELD NAME="lastgrade" TYPE="number" LENGTH="10" NOTNULL="false" SEQUENCE="false" DECIMALS="5" COMMENT="The last grade that was sent"/>
        <FIELD NAME="lastaccess" TYPE="int" LENGTH="10" NOTNULL="false" SEQUENCE="false" COMMENT="The time the user last accessed"/>
        <FIELD NAME="timecreated" TYPE="int" LENGTH="10" NOTNULL="false" SEQUENCE="false" COMMENT="The time the user was created"/>
      </FIELDS>
      <KEYS>
        <KEY NAME="primary" TYPE="primary" FIELDS="id"/>
        <KEY NAME="userid" TYPE="foreign" FIELDS="userid" REFTABLE="user" REFFIELDS="id"/>
        <KEY NAME="toolid" TYPE="foreign" FIELDS="toolid" REFTABLE="enrol_ltiaas_tools" REFFIELDS="id"/>
      </KEYS>
    </TABLE>
  </TABLES>
</XMLDB>
